insert into users values ('001','Francisco','1234',true);
insert into produtos values('1','peca1','500','3', NULL);
insert into produtos values('2','peca2','1000','1', NULL);
insert into produtos values('3','peca3','200','1', NULL);
insert into produtos values('4','peca4','100','6', NULL);
insert into produtos values('5','peca5','600','7', NULL);
insert into produtos values('6','peca6','800','8', NULL);
insert into produtos values('7','peca7','900','12', NULL);
insert into produtos values('8','peca8','510','2', NULL);
insert into produtos values('9','peca9','570','1', NULL);
insert into produtos values('10','peca10','910','1', NULL);
insert into clientes values('11112','Barbara','Rodrigue');
insert into clientes values('11113','Rodrigo','Maia');
insert into clientes values('11114','Guilherme','Alves');
insert into clientes values('11115','Juliano','Ferreira');
insert into clientes values('11116','Pedro','Paiva');
insert into enderecos values('00001','11112','Paulista','Alfonso','71');
insert into enderecos values('00002','11113','Paulista','Maio','911');
insert into enderecos values('00003','11114','Centro','Avenida Brasil','128');
insert into enderecos values('00004','11115','Vila Olímpia','Treze de Maio','551');
insert into enderecos values('00005','11116','Rudge Ramos','Rua das Flores','741');
insert into vendas values('00001','6','3','11112','2021-09-12','Em processamento',NULL);
insert into vendas values('00002','5','3','11113','2021-09-13','Em processamento',NULL);
insert into vendas values('00003','4','3','11114','2021-09-14','A caminho',NULL);
insert into vendas values('00004','3','3','11115','2021-09-15','Entregue', '2021-10-20');
insert into vendas values('00005','2','1','11116','2021-09-16','Cancelada',NULL);

